<?xml version="1.0" encoding="UTF-8"?>
<project-private xmlns="http://www.netbeans.org/ns/project-private/1">
    <editor-bookmarks xmlns="http://www.netbeans.org/ns/editor-bookmarks/2" lastBookmarkId="0"/>
    <open-files xmlns="http://www.netbeans.org/ns/projectui-open-files/2">
        <group>
            <file>file:/C:/Users/umerh/OneDrive/Documents/NetBeansProjects/assignment%201b/src/Prototype.java</file>
            <file>file:/C:/Users/umerh/OneDrive/Documents/NetBeansProjects/assignment%201b/src/ColorStore.java</file>
            <file>file:/C:/Users/umerh/OneDrive/Documents/NetBeansProjects/assignment%201b/src/Color.java</file>
            <file>file:/C:/Users/umerh/OneDrive/Documents/NetBeansProjects/assignment%201b/src/blueColor.java</file>
            <file>file:/C:/Users/umerh/OneDrive/Documents/NetBeansProjects/assignment%201b/src/blackColor.java</file>
        </group>
    </open-files>
</project-private>
