<?xml version="1.0" encoding="UTF-8"?>
<project-private xmlns="http://www.netbeans.org/ns/project-private/1">
    <editor-bookmarks xmlns="http://www.netbeans.org/ns/editor-bookmarks/2" lastBookmarkId="0"/>
    <open-files xmlns="http://www.netbeans.org/ns/projectui-open-files/2">
        <group>
            <file>file:/C:/Users/fa16-bse-173/Documents/NetBeansProjects/Lab%20Assignment%201/src/LAB1/SavingAccount.java</file>
            <file>file:/C:/Users/fa16-bse-173/Documents/NetBeansProjects/Lab%20Assignment%201/src/LAB1/TestProgram.java</file>
        </group>
    </open-files>
</project-private>
